question,expected,found,rank,total_results,search_time_ms
"25-hydroxyvitamin d","One of: 175_MED-3988.txt",true,1,45,642
"abdominal bloating","One of: 038_MED-718.txt",true,1,1,588
"acetaldehyde","One of: 067_MED-3765.txt",true,1,1,424
"acetic acid","One of: 107_MED-4703.txt",true,1,27,422
"acid-base balance","One of: 089_MED-3230.txt",true,1,72,474
"acupressure","One of: 080_MED-4369.txt",true,1,1,369
"acute onset","One of: 039_MED-4839.txt",true,1,16,476
"acute rhinosinusitis","One of: 029_MED-4564.txt",true,1,11,634
"acute toxicity","One of: 042_MED-4546.txt",true,1,19,479
"adaptive response","One of: 127_MED-2330.txt",true,1,21,592
"added sugars","One of: 076_MED-1708.txt",true,1,5,473
"addiction and obesity","One of: 152_MED-3055.txt",true,1,9,650
"adolescence","One of: 133_MED-5349.txt",true,2,2,474
"adults","One of: 171_MED-3990.txt",true,5,11,381
"adverse effects","One of: 025_MED-3806.txt",false,N/A,78,479
"aerosolized porcine neural tissue","One of: 110_MED-3288.txt",true,1,11,902
"age estimation","One of: 190_MED-4879.txt",true,1,133,496
"aging","One of: 086_MED-1923.txt, 142_MED-3270.txt",true,3,18,313
"aging processes","One of: 021_MED-1922.txt",true,1,23,426
"airway inflammation","One of: 044_MED-2452.txt",true,1,9,585
"alcohol-mediated carcinogenesis","One of: 067_MED-3765.txt",true,1,10,858
"alkaline diet","One of: 195_MED-3231.txt",true,1,92,477
"all-cause mortality","One of: 054_MED-2588.txt",true,1,51,639
"allergies","One of: 148_MED-3703.txt",true,1,2,425
"allostatic load","One of: 135_MED-2325.txt",true,1,8,478
"als","One of: 010_MED-1282.txt",false,N/A,121,106
"aluminium","One of: 116_MED-1839.txt, 156_MED-1838.txt",true,1,2,425
"alveolar bone loss","One of: 023_MED-4034.txt",true,1,6,630
"alzheimer's disease","One of: 068_MED-2217.txt, 077_MED-4585.txt, 197_MED-4671.txt",true,10,72,635
"american heart association","One of: 076_MED-1708.txt, 194_MED-1546.txt",false,N/A,42,433
"american society for bone and mineral research","One of: 031_MED-2990.txt",true,2,36,903
"aminothiol compounds","One of: 079_MED-984.txt",true,1,20,696
"amyotrophic lateral sclerosis","One of: 088_MED-1276.txt",true,1,8,805
"angina","One of: 173_MED-2750.txt",true,1,1,369
"animal protein","One of: 053_MED-1252.txt",true,1,44,473
"animal protein and fat","One of: 002_MED-1323.txt",true,3,44,691
"antacids","One of: 116_MED-1839.txt",true,1,1,418
"anthocyanins","One of: 083_MED-2202.txt",true,3,3,427
"anti-androgen effects","One of: 165_MED-1522.txt",true,1,107,583
"anti-inflammatory","One of: 164_MED-1316.txt",true,3,66,537
"anti-inflammatory effects","One of: 137_MED-4335.txt",true,1,84,747
"antibacterial treatment","One of: 132_MED-3844.txt",true,1,42,586
"antibiotic-associated diarrhea","One of: 187_MED-3695.txt",true,1,7,809
"antibiotics","One of: 029_MED-4564.txt",true,3,5,425
"anticancer properties","One of: 146_MED-4777.txt",true,6,14,537
"antidepressant","One of: 022_MED-3542.txt",true,1,1,423
"antidiabetic potential","One of: 035_MED-2146.txt",true,1,42,644
"antiemetic","One of: 196_MED-691.txt",true,1,2,372
"antiinflammatory properties","One of: 154_MED-2822.txt",true,1,11,634
"antimicrobial agent","One of: 177_MED-3662.txt",true,1,23,529
"antioxidant activity","One of: 044_MED-2452.txt, 061_MED-4705.txt, 077_MED-4585.txt",true,1,40,530
"antioxidant potential","One of: 163_MED-5283.txt",true,1,51,639
"antioxidants","One of: 094_MED-2664.txt, 103_MED-4089.txt",true,1,4,425
"antiplatelet therapies","One of: 058_MED-2080.txt",true,1,3,576
"antiproliferation","One of: 017_MED-903.txt",true,1,1,424
"antiproliferative effect","One of: 126_MED-5043.txt",true,4,105,633
"antiproliferative effects","One of: 061_MED-4705.txt, 103_MED-4089.txt, 149_MED-2073.txt",true,1,73,640
"anxiety","One of: 065_MED-2713.txt",true,1,1,426
"anxiolytic effect","One of: 065_MED-2713.txt",true,1,105,654
"apoptosis","One of: 017_MED-903.txt, 140_MED-938.txt, 155_MED-2601.txt",true,2,11,422
"apoptosis inhibition","One of: 169_MED-4462.txt",true,3,19,634
"apoptotic pathways","One of: 182_MED-4461.txt",true,1,13,538
"apple peel extract","One of: 103_MED-4089.txt",true,1,34,590
"aromatherapy","One of: 065_MED-2713.txt",true,1,1,421
"artemisia dracunculus","One of: 147_MED-3807.txt",true,1,1,742
"artificial food colour additives","One of: 036_MED-5062.txt",true,1,61,806
"ascorbic acid","One of: 185_MED-4468.txt",true,1,27,588
"asthma","One of: 056_MED-2476.txt, 106_MED-3682.txt",true,2,6,376
"atherogenesis","One of: 118_MED-2370.txt",true,1,1,423
"atherosclerosis","One of: 058_MED-2080.txt, 118_MED-2370.txt",true,1,7,478
"atopic disease","One of: 056_MED-2476.txt",true,1,72,534
"autoimmune pathogenesis","One of: 078_MED-1120.txt",true,1,8,588
"autoimmune reaction","One of: 110_MED-3288.txt",true,1,3,578
"autopsy","One of: 114_MED-4497.txt",true,1,2,373
"avoidance motivation","One of: 176_MED-3351.txt",true,1,6,585
"awareness","One of: 145_MED-2001.txt",true,1,3,373
"beetroot ingestion","One of: 114_MED-4497.txt",true,1,13,590
"beta cell function","One of: 019_MED-1237.txt",true,1,58,427
"beta-carotene","One of: 083_MED-2202.txt",true,2,13,479
"betaine","One of: 115_MED-3786.txt",true,1,1,317
"beverage formulation","One of: 040_MED-5046.txt",true,1,8,580
"bioactive compounds","One of: 101_MED-4299.txt",true,1,22,586
"bioavailability","One of: 200_MED-2075.txt",true,1,3,711
"biogenic amines","One of: 042_MED-4546.txt",true,1,5,697
"biological activities","One of: 177_MED-3662.txt",true,1,21,645
"biological half-life","One of: 043_MED-3021.txt",true,2,56,638
"biological membranes","One of: 014_MED-1204.txt",true,1,15,587
"biologically based dose response model","One of: 092_MED-2627.txt",true,2,29,851
"biomarker","One of: 048_MED-4858.txt",true,3,7,370
"biomarker reduction","One of: 030_MED-3730.txt",false,N/A,29,582
"birth place","One of: 088_MED-1276.txt",true,1,22,376
"bisphosphonate-associated osteonecrosis","One of: 031_MED-2990.txt",true,1,1,907
"black tea","One of: 097_MED-4412.txt",true,1,26,317
"blood glucose response","One of: 107_MED-4703.txt",true,2,39,633
"blood pressure","One of: 032_MED-1842.txt, 069_MED-5148.txt, 073_MED-5285.txt",true,1,32,424
"bmaa","One of: 010_MED-1282.txt",true,1,1,320
"bone health","One of: 024_MED-869.txt",true,1,78,371
"bone mineral density","One of: 024_MED-869.txt",true,1,8,581
"bowel elimination","One of: 122_MED-1031.txt",true,1,3,534
"brain aging","One of: 094_MED-2664.txt",true,1,24,422
"brain imaging","One of: 152_MED-3055.txt",true,1,12,422
"brain tumors","One of: 084_MED-1170.txt",true,1,9,480
"brain volume","One of: 162_MED-990.txt",true,1,16,424
"breast cancer","One of: 027_MED-4642.txt, 046_MED-1532.txt, 049_MED-2435.txt, 057_MED-4049.txt",true,5,46,478
"breast cancer incidence rates","One of: 134_MED-4651.txt",true,1,63,684
"breast cancer risk","One of: 082_MED-4899.txt, 132_MED-3844.txt",true,2,46,588
"breast cancer survival","One of: 124_MED-5116.txt",true,1,48,636
"brown adipose tissue","One of: 037_MED-5319.txt",true,1,2,664
"buccal epithelial cells","One of: 129_MED-2095.txt",true,1,23,801
"bullous dermatosis","One of: 130_MED-1105.txt",true,1,1,636
"caffeine metabolism","One of: 033_MED-3202.txt",true,1,16,636
"cage volume","One of: 188_MED-4805.txt",true,1,8,477
"calcium overload","One of: 026_MED-1739.txt",true,1,7,481
"calcium sensors","One of: 050_MED-1281.txt",true,1,7,538
"calmodulin-binding proteins","One of: 050_MED-1281.txt",true,1,13,741
"caloric intake","One of: 052_MED-2719.txt",true,1,52,476
"calorie restriction","One of: 055_MED-5225.txt",true,3,10,587
"cancer cell lines","One of: 061_MED-4705.txt, 140_MED-938.txt",true,5,76,528
"cancer cells","One of: 017_MED-903.txt, 103_MED-4089.txt",true,2,53,434
"cancer mortality","One of: 046_MED-1532.txt",true,1,57,529
"cancer prevention","One of: 030_MED-3730.txt, 200_MED-2075.txt",true,2,58,478
"cancer risk","One of: 148_MED-3703.txt",true,15,95,471
"cancer risk assessment","One of: 092_MED-2627.txt",true,1,56,694
"canine scent detection","One of: 062_MED-3272.txt",true,1,4,586
"capsaicin","One of: 138_MED-3516.txt",true,1,2,421
"capsinoids","One of: 037_MED-5319.txt",true,1,1,429
"carbohydrate craving","One of: 028_MED-4308.txt",true,1,14,645
"carbohydrate sources","One of: 075_MED-3895.txt",true,3,23,591
"carcinogenesis","One of: 049_MED-2435.txt, 158_MED-3560.txt",true,3,6,531
"carcinogens","One of: 117_MED-4482.txt",true,2,2,422
"cardiac death","One of: 173_MED-2750.txt",true,1,24,475
"cardiac myosin","One of: 078_MED-1120.txt",true,1,5,534
"cardioprotective","One of: 157_MED-1456.txt",true,1,1,420
"cardiovascular disease","One of: 041_MED-1554.txt, 054_MED-2588.txt, 072_MED-892.txt, 079_MED-984.txt, 113_MED-4245.txt, 167_MED-1556.txt",true,2,78,600
"cardiovascular disease prevention","One of: 064_MED-1394.txt",true,1,78,754
"cardiovascular events","One of: 014_MED-1204.txt",true,4,36,584
"cardiovascular health","One of: 073_MED-5285.txt, 076_MED-1708.txt, 137_MED-4335.txt",true,1,81,534
"cardiovascular protection","One of: 059_MED-5052.txt",true,2,31,637
"case definition","One of: 031_MED-2990.txt",true,1,35,485
"case report","One of: 003_MED-863.txt",true,2,61,316
"case-control study","One of: 153_MED-3936.txt",false,N/A,114,424
"caspase activation","One of: 169_MED-4462.txt",true,1,9,584
"caspase cascade","One of: 155_MED-2601.txt",true,1,3,531
"catechin recovery","One of: 040_MED-5046.txt",true,1,6,477
"catechol estrogens","One of: 082_MED-4899.txt",true,2,3,643
"cause of death ensemble model","One of: 144_MED-2082.txt",true,1,20,794
"cause-specific mortality","One of: 085_MED-5258.txt",true,6,51,686
"celiac disease","One of: 178_MED-2024.txt",true,1,72,533
"cell growth inhibition","One of: 182_MED-4461.txt",true,1,59,603
"cellular growth","One of: 005_MED-2130.txt",true,1,33,481
"cellular signaling pathways","One of: 127_MED-2330.txt",true,2,21,589
"central nervous system","One of: 025_MED-3806.txt",true,1,10,583
"cervical cancer","One of: 158_MED-3560.txt",true,1,45,545
"ceylon cinnamon","One of: 018_MED-894.txt",true,1,1,577
"cheese effect","One of: 022_MED-3542.txt",true,1,105,434
"chemical composition","One of: 147_MED-3807.txt",true,1,30,581
"chemical polymorphism","One of: 164_MED-1316.txt",true,1,18,685
"chemiluminescence detection","One of: 100_MED-4476.txt",true,2,5,704
"chemoprevention","One of: 049_MED-2435.txt, 059_MED-5052.txt, 146_MED-4777.txt",true,1,6,483
"chemoprotective mechanisms","One of: 200_MED-2075.txt",true,1,22,697
"chemotherapeutic agent","One of: 140_MED-938.txt",true,1,22,585
"chemotherapy treatment","One of: 130_MED-1105.txt",true,1,43,648
"chemotherapy-induced nausea","One of: 196_MED-691.txt",true,1,5,814
"chicken fat content","One of: 136_MED-1801.txt",true,1,26,475
"childhood asthma","One of: 020_MED-1834.txt",true,1,10,590
"childhood infections","One of: 056_MED-2476.txt",true,1,14,639
"children","One of: 004_MED-4762.txt, 036_MED-5062.txt, 084_MED-1170.txt",true,1,12,213
"children and adolescents","One of: 006_MED-1993.txt",true,1,12,635
"children's health","One of: 016_MED-3013.txt",true,7,82,370
"chilli","One of: 087_MED-5305.txt",true,1,1,312
"china","One of: 070_MED-4176.txt",true,3,4,265
"chlorhexidine","One of: 129_MED-2095.txt",true,1,2,478
"chlorhexidine mouthwash","One of: 189_MED-2091.txt",true,1,2,688
"chocolate/cocoa","One of: 163_MED-5283.txt",true,1,4,430
"cholesterol controversy","One of: 118_MED-2370.txt",true,1,10,643
"cholesterol crystallization","One of: 014_MED-1204.txt",true,1,10,587
"cholesterol restrictions","One of: 123_MED-1885.txt",true,1,10,637
"choline-controlled diets","One of: 115_MED-3786.txt",true,1,21,587
"chondrocyte protection","One of: 169_MED-4462.txt",true,1,11,638
"chronic disease prevention","One of: 101_MED-4299.txt",true,4,82,689
"chronic diseases","One of: 143_MED-1478.txt, 195_MED-3231.txt",true,4,39,595
"cigarette smoking","One of: 161_MED-4825.txt",true,1,9,541
"ciguatera","One of: 093_MED-1570.txt",true,2,2,423
"ciguatera fish poisoning","One of: 109_MED-1573.txt",true,1,18,688
"ciguatoxins","One of: 093_MED-1570.txt",true,1,1,481
"cin lesions","One of: 158_MED-3560.txt",true,1,55,423
"citric acid","One of: 116_MED-1839.txt",true,1,27,475
"clinical evidence","One of: 059_MED-5052.txt",true,1,79,530
"clinical intervention","One of: 063_MED-3692.txt",true,1,62,590
"clinical management","One of: 158_MED-3560.txt",true,3,48,474
"clinical properties","One of: 164_MED-1316.txt",true,1,52,531
"clinical research","One of: 115_MED-3786.txt",true,1,66,428
"clinical study","One of: 007_MED-1857.txt, 032_MED-1842.txt",true,4,123,423
"clinical trial","One of: 034_MED-3961.txt, 154_MED-2822.txt",true,2,60,478
"clinical trials","One of: 200_MED-2075.txt",true,6,51,588
"cocoa","One of: 073_MED-5285.txt",true,3,4,313
"cocoa flavanols","One of: 137_MED-4335.txt",true,1,4,700
"cocoa intake","One of: 069_MED-5148.txt",true,1,53,476
"coffee consumption","One of: 085_MED-5258.txt",true,1,43,535
"cognitive function","One of: 197_MED-4671.txt",true,1,36,430
"cognitive impairment","One of: 068_MED-2217.txt, 162_MED-990.txt",true,1,6,585
"cohort studies","One of: 184_MED-1338.txt",true,1,76,532
"cola beverages","One of: 192_MED-2219.txt",true,1,9,529
"cold symptoms","One of: 004_MED-4762.txt",true,3,15,646
"colibacillosis","One of: 188_MED-4805.txt",true,1,1,482
"colloidal oatmeal","One of: 164_MED-1316.txt",true,1,2,589
"colon cancer","One of: 112_MED-2105.txt, 149_MED-2073.txt",true,4,50,427
"colonic gas production","One of: 038_MED-718.txt",true,1,9,578
"color preferences","One of: 199_MED-4659.txt",true,1,11,424
"color red","One of: 176_MED-3351.txt",true,1,151,370
"colorectal cancer","One of: 182_MED-4461.txt",true,2,45,530
"colorectal cancer screening","One of: 062_MED-3272.txt",true,1,8,654
"comet assay","One of: 129_MED-2095.txt",true,1,10,526
"commercial milk","One of: 082_MED-4899.txt",true,1,11,580
"community-based population","One of: 194_MED-1546.txt",true,1,33,581
"complicated diverticulitis","One of: 060_MED-974.txt",true,1,2,689
"computed tomography","One of: 029_MED-4564.txt, 039_MED-4839.txt",true,1,8,578
"consumption increase","One of: 166_MED-4172.txt",true,7,99,587
"contaminated seafood","One of: 009_MED-4739.txt",true,1,6,590
"cooking methods","One of: 117_MED-4482.txt",true,1,45,536
"cooking processes","One of: 066_MED-1165.txt",true,1,8,422
"copd","One of: 097_MED-4412.txt",true,2,2,264
"coral bleaching","One of: 093_MED-1570.txt",true,1,1,530
"coronary flow reserve","One of: 072_MED-892.txt",true,1,9,687
"coronary heart disease","One of: 123_MED-1885.txt, 167_MED-1556.txt",true,2,77,582
"corticosteroid treatment","One of: 034_MED-3961.txt",true,1,41,646
"coumarin exposure","One of: 018_MED-894.txt",true,1,26,583
"cow milk consumption","One of: 160_MED-1223.txt",true,2,41,630
"crocus sativus","One of: 181_MED-746.txt",true,1,4,586
"crohn's disease","One of: 015_MED-3966.txt, 034_MED-3961.txt",true,2,72,589
"curcumin","One of: 074_MED-2599.txt, 154_MED-2822.txt, 155_MED-2601.txt",true,1,5,420
"curcumin-phosphatidylcholine complex","One of: 139_MED-2807.txt",true,1,5,981
"curly kale","One of: 149_MED-2073.txt",true,1,1,529
"cyanobacteria","One of: 010_MED-1282.txt",true,1,1,472
"cycling performance","One of: 075_MED-3895.txt",true,1,5,639
"cyp1a2 inhibition","One of: 033_MED-3202.txt",true,1,11,637
"cytogenetic evaluation","One of: 129_MED-2095.txt",true,1,9,638
"cytotoxic effect","One of: 140_MED-938.txt",true,1,105,681
"cytotoxicity","One of: 098_MED-2092.txt",true,1,1,482
"dairy products","One of: 183_MED-4665.txt",true,1,20,489
"dark chocolate","One of: 069_MED-5148.txt",true,1,3,372
"death place","One of: 088_MED-1276.txt",true,1,36,425
"decreased risk","One of: 148_MED-3703.txt",true,7,96,584
"defecation reflex","One of: 122_MED-1031.txt",true,1,2,580
"deficiency treatment","One of: 099_MED-4566.txt",true,1,43,639
"dementia prevalence","One of: 068_MED-2217.txt",true,1,15,534
"dental health","One of: 007_MED-1857.txt",true,1,79,477
"depression","One of: 028_MED-4308.txt",true,1,3,371
"desensitization","One of: 138_MED-3516.txt",true,1,1,425
"detoxifying enzymes","One of: 119_MED-5206.txt",true,1,5,641
"diabetes management","One of: 035_MED-2146.txt",true,2,31,476
"diabetes mellitus","One of: 161_MED-4825.txt",true,7,23,582
"diabetes risk","One of: 108_MED-1992.txt",true,1,84,647
"diagnostic markers","One of: 102_MED-1128.txt",true,1,15,531
"diagnostic tests","One of: 178_MED-2024.txt",true,1,16,533
"diet","One of: 027_MED-4642.txt, 112_MED-2105.txt, 193_MED-3108.txt",true,18,91,316
"diet and asthma","One of: 044_MED-2452.txt",true,1,95,584
"diet and exercise","One of: 090_MED-4220.txt",true,4,93,583
"diet-induced thermogenesis","One of: 087_MED-5305.txt",true,2,92,744
"dietary advice","One of: 173_MED-2750.txt",true,2,54,485
"dietary cholesterol","One of: 053_MED-1252.txt, 123_MED-1885.txt",true,1,59,583
"dietary compounds","One of: 049_MED-2435.txt",true,1,66,593
"dietary factors","One of: 056_MED-2476.txt, 157_MED-1456.txt",true,14,76,533
"dietary fat","One of: 041_MED-1554.txt",true,1,74,477
"dietary fiber intake","One of: 051_MED-1232.txt",true,1,60,593
"dietary flavonoid intake","One of: 124_MED-5116.txt",true,1,54,737
"dietary groups","One of: 089_MED-3230.txt",true,7,78,475
"dietary guidelines","One of: 123_MED-1885.txt",true,1,55,477
"dietary habits","One of: 133_MED-5349.txt",true,2,55,533
"dietary intake","One of: 048_MED-4858.txt, 156_MED-1838.txt",true,5,75,478
"dietary microparticles","One of: 015_MED-3966.txt, 034_MED-3961.txt",true,1,53,640
"dietary non-nutrients","One of: 141_MED-4262.txt",true,2,57,690
"dietary patterns","One of: 047_MED-1814.txt, 120_MED-4878.txt",true,1,56,534
"dietary polyphenols","One of: 096_MED-1789.txt",true,1,58,633
"dietary restriction","One of: 135_MED-2325.txt",true,1,54,589
"dietary sodium","One of: 072_MED-892.txt",true,1,57,474
"dietary soy","One of: 104_MED-4211.txt",true,2,55,478
"dietary studies","One of: 137_MED-4335.txt",true,9,97,530
"dietary sugars","One of: 076_MED-1708.txt",true,1,53,534
"dietary supplementation","One of: 004_MED-4762.txt",true,4,57,641
"dietary therapy","One of: 035_MED-2146.txt",true,3,61,533
"disease","One of: 063_MED-3692.txt",true,16,72,373
"disease activity score","One of: 154_MED-2822.txt",false,N/A,94,631
"disease patterns","One of: 095_MED-2572.txt",true,1,74,536
"disease prevention","One of: 127_MED-2330.txt",true,11,82,536
"dna damage","One of: 112_MED-2105.txt, 129_MED-2095.txt",true,1,23,481
"dna methylation","One of: 067_MED-3765.txt",true,1,13,528
"dopamine pathways","One of: 152_MED-3055.txt",true,1,10,478
"dose response","One of: 127_MED-2330.txt",true,2,42,527
"double-blind study","One of: 004_MED-4762.txt",true,4,99,478
"dr5 upregulation","One of: 074_MED-2599.txt",true,1,1,537
"dried prunes","One of: 191_MED-4250.txt",true,1,6,532
"drug interaction","One of: 033_MED-3202.txt",true,15,20,489
"durian fruit","One of: 003_MED-863.txt",true,1,17,482
"early childhood","One of: 106_MED-3682.txt",true,3,26,599
"early detection","One of: 062_MED-3272.txt",true,1,25,530
"early menarche","One of: 160_MED-1223.txt",true,1,22,540
"early pregnancy","One of: 080_MED-4369.txt",true,1,25,637
"east asia","One of: 046_MED-1532.txt",true,2,38,368
"egcg","One of: 146_MED-4777.txt",true,3,3,369
"elective resection","One of: 060_MED-974.txt",true,1,3,532
"elemental analysis","One of: 156_MED-1838.txt",false,N/A,43,582
"elevated homocysteine","One of: 162_MED-990.txt",true,1,10,635
"endocrine disrupters","One of: 092_MED-2627.txt",true,1,3,636
"endocrine disruptors","One of: 091_MED-5167.txt",true,1,3,642
"endogenous formation","One of: 185_MED-4468.txt",true,1,34,532
"endoplasmic reticulum stress","One of: 155_MED-2601.txt",true,2,2,787
"endothelial dysfunction","One of: 180_MED-5281.txt",true,1,7,694
"energy balance","One of: 052_MED-2719.txt",true,1,22,370
"energy density","One of: 179_MED-3770.txt",true,1,24,476
"energy expenditure","One of: 037_MED-5319.txt, 052_MED-2719.txt",true,1,19,525
"energy intake","One of: 191_MED-4250.txt",true,3,58,429
"environmental causes","One of: 010_MED-1282.txt",true,3,17,636
"environmental disease costs","One of: 016_MED-3013.txt",true,1,12,746
"epidemiological investigation","One of: 110_MED-3288.txt",true,1,12,752
"epidemiology","One of: 013_MED-3731.txt, 161_MED-4825.txt",true,1,7,427
"epithelial barriers","One of: 193_MED-3108.txt",true,1,5,639
"epithelial cells","One of: 098_MED-2092.txt",true,3,23,524
"erectile dysfunction","One of: 181_MED-746.txt",true,1,5,586
"esophageal cancer","One of: 013_MED-3731.txt",true,1,45,593
"esophageal dysplasia","One of: 030_MED-3730.txt",true,2,3,689
"essential hypertension","One of: 032_MED-1842.txt",true,1,16,638
"essential oil","One of: 065_MED-2713.txt",true,3,24,475
"estrogen metabolites","One of: 082_MED-4899.txt",true,1,8,636
"estrogen receptor status","One of: 134_MED-4651.txt",false,N/A,7,635
"ethanol metabolism","One of: 067_MED-3765.txt",true,1,18,582
"etiopathogenesis","One of: 102_MED-1128.txt",true,1,1,538
"euglycemic clamp","One of: 105_MED-1609.txt",true,1,4,634
"evolutionary discordance hypothesis","One of: 143_MED-1478.txt",true,1,15,746
"exercise","One of: 111_MED-2717.txt",true,2,10,367
"exercise intervention","One of: 052_MED-2719.txt",true,1,31,584
"exposure data","One of: 092_MED-2627.txt",true,1,72,477
"exposure doses","One of: 121_MED-4913.txt",true,2,35,531
"extra-virgin olive oil","One of: 064_MED-1394.txt",true,1,17,640
"facial injury","One of: 003_MED-863.txt",true,1,5,584
"facial skin coloration","One of: 199_MED-4659.txt",true,1,8,583
"fat intake","One of: 104_MED-4211.txt",true,3,68,426
"fatigue-related errors","One of: 198_MED-5347.txt",true,1,42,585
"fatty acids","One of: 136_MED-1801.txt",true,1,11,478
"fdg-pet","One of: 037_MED-5319.txt",true,1,8,476
"fecal mutagenicity","One of: 112_MED-2105.txt",true,1,3,590
"fermentable fiber","One of: 038_MED-718.txt",true,1,11,530
"fiber","One of: 027_MED-4642.txt",true,4,11,265
"finland","One of: 088_MED-1276.txt",true,1,1,368
"fish consumption","One of: 043_MED-3021.txt",true,1,52,485
"flavanols","One of: 073_MED-5285.txt",true,2,2,423
"flavones","One of: 124_MED-5116.txt",true,1,1,372
"flaxseed","One of: 011_MED-4443.txt",true,2,2,424
"flaxseed consumption","One of: 081_MED-1879.txt",true,1,42,797
"food additives","One of: 015_MED-3966.txt, 040_MED-5046.txt",true,1,61,475
"food analysis","One of: 096_MED-1789.txt, 100_MED-4476.txt",true,15,89,476
"food and drug reward","One of: 152_MED-3055.txt",true,1,67,580
"food as medicine","One of: 095_MED-2572.txt",true,1,68,530
"food contamination","One of: 066_MED-1165.txt",false,N/A,61,475
"food cost","One of: 179_MED-3770.txt",true,1,65,372
"food groups","One of: 179_MED-3770.txt",true,1,91,369
"food intake","One of: 079_MED-984.txt",true,19,84,419
"food-borne pathogen","One of: 071_MED-4134.txt",true,1,61,591
"foodborne illness","One of: 109_MED-1573.txt",true,1,7,523
"foreign body extraction","One of: 039_MED-4839.txt",true,10,36,587
"forensic samples","One of: 190_MED-4879.txt",true,1,17,553
"fractures","One of: 184_MED-1338.txt",true,1,1,377
"freeze-dried strawberries","One of: 030_MED-3730.txt",true,1,3,803
"fruit and vegetable intake","One of: 048_MED-4858.txt",true,2,22,792
"fruit and vegetables","One of: 166_MED-4172.txt",true,1,20,636
"fruit consumption","One of: 131_MED-1795.txt",true,2,52,584
"fruit juices","One of: 077_MED-4585.txt",true,1,17,531
"functional food","One of: 011_MED-4443.txt",true,2,65,420
"functional foods","One of: 101_MED-4299.txt",true,1,28,479
"gambierdiscus toxicus","One of: 093_MED-1570.txt",true,1,1,704
"gas passage","One of: 038_MED-718.txt",true,1,13,532
"gastric distension","One of: 141_MED-4262.txt",true,1,2,591
"gastrointestinal absorption","One of: 116_MED-1839.txt",true,1,12,686
"generalisation","One of: 166_MED-4172.txt",true,1,1,317
"genetic susceptibility","One of: 067_MED-3765.txt",true,1,15,588
"genistein","One of: 091_MED-5167.txt",true,1,1,370
"genotoxicity","One of: 112_MED-2105.txt",true,1,1,420
"gestational diabetes mellitus","One of: 128_MED-2843.txt",true,1,25,683
"gestational exposure","One of: 091_MED-5167.txt",true,1,26,529
"ginger","One of: 080_MED-4369.txt, 196_MED-691.txt",true,1,2,264
"gingival indices","One of: 098_MED-2092.txt",true,1,3,580
"global burden of disease","One of: 144_MED-2082.txt",true,4,76,640
"glucose disposal","One of: 105_MED-1609.txt",true,1,18,592
"glucose-lowering","One of: 035_MED-2146.txt",true,3,22,477
"glucuronidation","One of: 119_MED-5206.txt",true,1,1,424
"gluten intolerance","One of: 178_MED-2024.txt",true,1,2,540
"glycaemic control","One of: 045_MED-2145.txt",true,1,69,533
"glycemic control","One of: 081_MED-1879.txt",true,1,71,593
"glycoalkaloids","One of: 121_MED-4913.txt",true,1,1,528
"glyphosate","One of: 026_MED-1739.txt",true,1,1,421
"grapefruit juice","One of: 033_MED-3202.txt",true,1,6,691
"green tea","One of: 059_MED-5052.txt, 146_MED-4777.txt, 185_MED-4468.txt",true,1,24,318
"green tea catechins","One of: 040_MED-5046.txt, 057_MED-4049.txt",true,3,24,530
"gut microbiota","One of: 063_MED-3692.txt",true,1,5,532
"gut microflora","One of: 187_MED-3695.txt",true,2,5,474
"gymnema sylvestre","One of: 159_MED-3492.txt",true,1,1,635
"hair-to-blood ratio","One of: 043_MED-3021.txt",true,1,32,698
"hallucinations","One of: 025_MED-3806.txt",true,1,1,422
"hayfever","One of: 020_MED-1834.txt",true,1,1,425
"hazard ratio","One of: 131_MED-1795.txt, 184_MED-1338.txt",true,1,106,582
"health","One of: 063_MED-3692.txt, 195_MED-3231.txt",true,3,75,266
"health benefits","One of: 011_MED-4443.txt",true,3,78,485
"health care provider work hours","One of: 198_MED-5347.txt",true,1,78,698
"health disparities","One of: 194_MED-1546.txt",true,1,75,478
"health effects","One of: 125_MED-904.txt, 163_MED-5283.txt",true,1,111,424
"health outcomes","One of: 113_MED-4245.txt",true,1,79,478
"health policy","One of: 144_MED-2082.txt",true,9,77,370
"health risk characterization","One of: 121_MED-4913.txt",true,1,75,756
"healthy elderly","One of: 162_MED-990.txt",true,1,30,479
"heart score study","One of: 194_MED-1546.txt",false,N/A,102,474
"heavy metals","One of: 156_MED-1838.txt",true,1,1,473
"hela cells","One of: 126_MED-5043.txt",true,2,22,425
"herbal tea","One of: 156_MED-1838.txt",true,2,24,432
"heterocyclic amines","One of: 057_MED-4049.txt, 117_MED-4482.txt",true,1,5,689
"hexachlorobenzene","One of: 066_MED-1165.txt",true,1,1,536
"hibiscus sabdariffa","One of: 032_MED-1842.txt, 126_MED-5043.txt",true,2,4,637
"high nutrient density diet","One of: 168_MED-4989.txt",true,1,94,860
"high-carbohydrate high-fiber diets","One of: 105_MED-1609.txt",true,3,100,743
"high-fiber foods","One of: 023_MED-4034.txt",true,1,28,537
"hirsutism","One of: 165_MED-1522.txt",true,1,1,421
"hormesis","One of: 127_MED-2330.txt, 135_MED-2325.txt",true,1,2,425
"hormones","One of: 027_MED-4642.txt",true,2,4,369
"hpv infection","One of: 158_MED-3560.txt",true,1,7,475
"human blood","One of: 070_MED-4176.txt",true,3,82,422
"human diet evolution","One of: 101_MED-4299.txt",true,2,63,477
"human diseases","One of: 180_MED-5281.txt",true,1,75,480
"human health effects","One of: 170_MED-3019.txt",true,4,111,536
"human nutrition","One of: 083_MED-2202.txt, 136_MED-1801.txt",true,1,79,435
"human proteome","One of: 050_MED-1281.txt",true,1,62,477
"hunter-gatherer diets","One of: 143_MED-1478.txt",true,1,19,581
"hydroxycitric acid","One of: 159_MED-3492.txt",true,1,27,692
"hyperactivity","One of: 036_MED-5062.txt",true,1,2,425
"hypercholesterolemia","One of: 118_MED-2370.txt",true,1,1,642
"hyperhomocysteinemia","One of: 079_MED-984.txt",true,1,1,641
"hypocholesterolemic response","One of: 053_MED-1252.txt",true,1,21,828
"hypospadias","One of: 091_MED-5167.txt",true,1,1,429
"ideal cardiovascular health","One of: 194_MED-1546.txt",true,3,81,639
"igf axis","One of: 001_MED-4239.txt",true,2,4,531
"igfbp-1","One of: 090_MED-4220.txt",true,3,3,427
"immune functions","One of: 058_MED-2080.txt",true,1,15,477
"immune responses","One of: 193_MED-3108.txt",true,1,14,590
"immunocompromised patients","One of: 060_MED-974.txt",true,2,30,751
"impaired glucose tolerance","One of: 018_MED-894.txt",true,1,7,744
"in vitro digestion","One of: 040_MED-5046.txt",true,1,11,642
"incidental lewy body disease","One of: 151_MED-3940.txt",true,1,93,744
"increased risk","One of: 148_MED-3703.txt",true,16,109,586
"indigenous health","One of: 095_MED-2572.txt",true,1,75,476
"individual susceptibility","One of: 170_MED-3019.txt",true,1,29,746
"industry self-regulation","One of: 174_MED-2726.txt",true,1,10,696
"inflammation","One of: 015_MED-3966.txt, 058_MED-2080.txt, 120_MED-4878.txt, 137_MED-4335.txt",true,1,9,432
"inflammatory markers","One of: 139_MED-2807.txt",true,1,23,535
"insoluble fiber","One of: 051_MED-1232.txt",true,1,11,536
"insulin resistance","One of: 008_MED-1461.txt, 055_MED-5225.txt, 108_MED-1992.txt",true,1,25,582
"insulin response","One of: 018_MED-894.txt, 107_MED-4703.txt",true,1,43,585
"insulin secretion","One of: 172_MED-1069.txt",true,1,28,485
"insulin sensitivity","One of: 081_MED-1879.txt, 105_MED-1609.txt, 157_MED-1456.txt, 172_MED-1069.txt",true,1,32,645
"insulin-like growth factor-1","One of: 104_MED-4211.txt",true,2,73,740
"insulin-like growth factor-binding protein-3","One of: 104_MED-4211.txt",true,1,51,959
"insulin-like growth factor-i","One of: 160_MED-1223.txt",true,1,73,748
"intensive cardiac rehabilitation","One of: 113_MED-4245.txt",true,1,6,754
"international index of erectile function","One of: 181_MED-746.txt",true,1,33,684
"interventions","One of: 080_MED-4369.txt",true,1,10,372
"intestinal metabolism","One of: 022_MED-3542.txt",true,1,21,644
"intra-organ fat","One of: 019_MED-1237.txt",true,1,25,586
"intramyocellular lipid","One of: 157_MED-1456.txt",true,1,13,637
"intramyocellular triglyceride","One of: 008_MED-1461.txt",true,1,8,750
"inverse association","One of: 072_MED-892.txt, 085_MED-5258.txt",true,1,43,425
"iodine deficiency","One of: 183_MED-4665.txt",true,1,3,644
"irritable bowel syndrome","One of: 038_MED-718.txt",true,1,6,694
"isoflavones","One of: 124_MED-5116.txt",true,1,1,425
"jaw","One of: 031_MED-2990.txt",true,1,1,106
"laboratory diagnosis","One of: 178_MED-2024.txt",true,1,16,591
"large bowel","One of: 114_MED-4497.txt",true,1,29,479
"largest meal","One of: 099_MED-4566.txt",true,1,14,532
"latitude","One of: 020_MED-1834.txt",true,1,1,377
"lavender essential oil","One of: 177_MED-3662.txt",true,1,17,637
"layer flocks","One of: 188_MED-4805.txt",true,1,3,480
"lc-ms/ms","One of: 082_MED-4899.txt",true,9,99,373
"ldl/hdl ratio","One of: 123_MED-1885.txt",true,2,104,689
"lead poisoning prevention","One of: 016_MED-3013.txt",true,2,21,635
"legumes","One of: 035_MED-2146.txt",true,1,2,370
"lewy pathology","One of: 151_MED-3940.txt",true,1,1,479
"life history","One of: 160_MED-1223.txt",true,1,58,318
"lifespan","One of: 021_MED-1922.txt",true,1,2,372
"lifespan extension","One of: 135_MED-2325.txt",true,2,3,534
"lifestyle changes","One of: 145_MED-2001.txt",true,2,39,425
"lifestyle intervention","One of: 006_MED-1993.txt",true,2,35,480
"lifestyle modification","One of: 108_MED-1992.txt",true,2,17,421
"lignan status","One of: 132_MED-3844.txt",true,1,21,491
"linear growth","One of: 160_MED-1223.txt",true,1,24,476
"lipid metabolism","One of: 008_MED-1461.txt",true,1,23,588
"lipid profile","One of: 168_MED-4989.txt",true,3,19,425
"lipid profiles","One of: 159_MED-3492.txt",true,1,18,536
"lipoprotein metabolism","One of: 118_MED-2370.txt",true,1,17,686
"literature review","One of: 059_MED-5052.txt",true,1,53,476
"lncap cell growth","One of: 090_MED-4220.txt",true,9,53,595
"long-term efficacy","One of: 139_MED-2807.txt",true,1,51,636
"longevity","One of: 135_MED-2325.txt",true,2,3,430
"loving-kindness meditation","One of: 086_MED-1923.txt",true,1,1,638
"low dose extrapolation","One of: 092_MED-2627.txt",true,1,108,587
"low-carbohydrate diet","One of: 002_MED-1323.txt",true,1,94,635
"low-carbohydrate diets","One of: 054_MED-2588.txt",true,1,27,636
"low-fat diet","One of: 001_MED-4239.txt",true,6,144,480
"low-level exposure","One of: 170_MED-3019.txt",true,1,125,472
"major congenital malformations","One of: 128_MED-2843.txt",true,1,16,746
"male smokers","One of: 097_MED-4412.txt",true,1,21,476
"malondialdehydelysine","One of: 142_MED-3270.txt",true,1,1,590
"maternal vaginal microflora","One of: 106_MED-3682.txt",true,1,5,691
"maximum life span","One of: 142_MED-3270.txt",true,1,49,529
"meat consumption","One of: 117_MED-4482.txt",true,1,51,530
"mechanical damage","One of: 014_MED-1204.txt",true,1,15,633
"medical errors","One of: 198_MED-5347.txt",true,1,10,426
"medical literature","One of: 195_MED-3231.txt",true,1,18,475
"medicinal plants","One of: 017_MED-903.txt",true,1,5,582
"mediterranean diet","One of: 064_MED-1394.txt",true,7,91,640
"men aged 65 and older","One of: 023_MED-4034.txt",true,2,27,693
"mental illnesses","One of: 021_MED-1922.txt",true,1,32,531
"mercury elimination","One of: 043_MED-3021.txt",true,1,5,581
"mercury emissions reduction","One of: 016_MED-3013.txt",true,1,4,690
"meriva","One of: 139_MED-2807.txt",true,1,1,369
"meta-analysis","One of: 045_MED-2145.txt, 054_MED-2588.txt, 084_MED-1170.txt, 128_MED-2843.txt, 167_MED-1556.txt, 171_MED-3990.txt",true,1,72,538
"metabolic effects","One of: 075_MED-3895.txt",false,N/A,77,529
"metabolic profiles","One of: 012_MED-4757.txt",true,1,13,528
"metabolic rate","One of: 087_MED-5305.txt",true,1,89,478
"metabolic risk factors","One of: 111_MED-2717.txt",true,1,53,694
"methionine content","One of: 142_MED-3270.txt",true,1,26,526
"methyl-group requirements","One of: 115_MED-3786.txt",true,1,15,745
"methylmercury exposure","One of: 043_MED-3021.txt, 170_MED-3019.txt",true,1,25,694
"microbiota","One of: 193_MED-3108.txt",true,2,2,374
"micronucleus test","One of: 098_MED-2092.txt",true,1,70,537
"middle-aged twins","One of: 072_MED-892.txt",true,1,5,583
"migrating fish bone","One of: 039_MED-4839.txt",true,1,16,591
"milk consumption","One of: 184_MED-1338.txt",true,3,41,529
"milk vitamins","One of: 125_MED-904.txt",true,1,10,533
"modelling and rewards intervention","One of: 166_MED-4172.txt",true,1,26,739
"moderate-to-vigorous intensity","One of: 150_MED-4787.txt",true,1,12,870
"molecular biology","One of: 119_MED-5206.txt",true,10,15,530
"molecular mimicry","One of: 078_MED-1120.txt",true,1,12,636
"monoamine oxidase inhibitors","One of: 022_MED-3542.txt",true,1,2,752
"monounsaturated fat","One of: 172_MED-1069.txt",true,1,39,642
"moringa oleifera leaf extract","One of: 017_MED-903.txt",true,1,1,852
"mortality","One of: 041_MED-1554.txt, 085_MED-5258.txt, 124_MED-5116.txt, 173_MED-2750.txt, 184_MED-1338.txt",true,5,20,427
"mortality causes","One of: 144_MED-2082.txt",true,1,26,583
"mortality prevention","One of: 171_MED-3990.txt",true,1,37,583
"mortality rates","One of: 060_MED-974.txt",true,2,39,538
"motion sickness","One of: 196_MED-691.txt",true,1,4,481
"mouthrinses","One of: 098_MED-2092.txt",true,1,1,429
"mrna display","One of: 050_MED-1281.txt",true,1,6,423
"mtor","One of: 005_MED-2130.txt",true,1,1,317
"mtorc1 and mtorc2","One of: 005_MED-2130.txt",true,1,1,699
"mucosal immune cells","One of: 193_MED-3108.txt",true,1,29,633
"mucosal immune response","One of: 015_MED-3966.txt",true,1,10,748
"multi-ethnic study of atherosclerosis","One of: 120_MED-4878.txt",false,N/A,104,862
"multiple myeloma","One of: 130_MED-1105.txt",true,1,9,528
"mutagenicity","One of: 126_MED-5043.txt",true,1,2,422
"n-3 n-6 ratio","One of: 136_MED-1801.txt",true,18,103,422
"n-nitroso compounds","One of: 100_MED-4476.txt",true,2,22,595
"n-nitroso precursors","One of: 100_MED-4476.txt",true,2,5,578
"n-nitrosodimethylamine","One of: 185_MED-4468.txt",true,1,1,590
"naringenin","One of: 033_MED-3202.txt",true,1,1,427
"nasal mucosa","One of: 138_MED-3516.txt",true,1,4,475
"nausea and vomiting","One of: 080_MED-4369.txt, 196_MED-691.txt",true,1,3,697
"neck lump","One of: 039_MED-4839.txt",true,1,2,426
"neem mouthwash","One of: 189_MED-2091.txt",true,1,1,584
"net acid excretion","One of: 089_MED-3230.txt",true,1,30,634
"neurodegeneration","One of: 151_MED-3940.txt",true,1,2,478
"neurodegenerative diseases","One of: 010_MED-1282.txt",true,1,20,692
"neuroprotectants","One of: 094_MED-2664.txt",true,1,1,538
"neurotoxicant","One of: 170_MED-3019.txt",false,N/A,0,479
"niacin-bound chromium","One of: 159_MED-3492.txt",true,1,1,703
"nitric oxide","One of: 069_MED-5148.txt",true,1,6,530
"nocturnal penile tumescence","One of: 181_MED-746.txt",true,1,1,740
"non-celiac gluten sensitivity","One of: 178_MED-2024.txt",true,1,15,849
"non-communicable diseases","One of: 174_MED-2726.txt",true,2,20,694
"non-hispanic white women","One of: 134_MED-4651.txt",true,1,42,590
"non-invasive method","One of: 062_MED-3272.txt",true,1,61,649
"non-oil-seed pulses","One of: 045_MED-2145.txt",true,1,67,582
"non-small cell lung cancer","One of: 155_MED-2601.txt",true,1,76,688
"nonextractable polyphenols","One of: 096_MED-1789.txt",true,1,8,698
"nuclear magnetic resonance spectroscopy","One of: 008_MED-1461.txt",true,1,8,856
"nutmeg abuse","One of: 025_MED-3806.txt",true,1,1,537
"nutrient bioavailability","One of: 095_MED-2572.txt",true,1,16,744
"nutrient intake","One of: 028_MED-4308.txt",true,2,56,536
"nutrition transition","One of: 046_MED-1532.txt",true,1,22,581
"nutritional composition","One of: 011_MED-4443.txt",true,2,23,577
"nutritional risk factors","One of: 097_MED-4412.txt",true,2,51,737
"nutritional sufficiency","One of: 009_MED-4739.txt",true,1,11,638
"nutritive value","One of: 179_MED-3770.txt",true,1,20,479
"nuts","One of: 064_MED-1394.txt",true,1,6,263
"obesity","One of: 006_MED-1993.txt, 111_MED-2717.txt",true,2,9,373
"observational studies","One of: 054_MED-2588.txt",true,3,71,590
"oily fish","One of: 173_MED-2750.txt",true,1,16,422
"omega-3","One of: 011_MED-4443.txt",true,3,4,263
"omnivores","One of: 012_MED-4757.txt",true,3,4,423
"oral health","One of: 189_MED-2091.txt",true,1,88,420
"oral hygiene","One of: 007_MED-1857.txt",true,2,23,533
"organochlorine pesticides","One of: 153_MED-3936.txt",true,1,3,691
"osteoarthritis","One of: 139_MED-2807.txt, 169_MED-4462.txt",true,1,2,474
"osteoporosis prevention","One of: 024_MED-869.txt",true,1,21,689
"oxaliplatin","One of: 182_MED-4461.txt",true,1,1,479
"oxidative stress","One of: 026_MED-1739.txt, 055_MED-5225.txt, 094_MED-2664.txt, 192_MED-2219.txt",true,1,23,530
"paleolithic diet","One of: 101_MED-4299.txt",true,1,91,594
"paleolithic nutrition","One of: 143_MED-1478.txt",true,1,23,642
"pancreatic cancer","One of: 047_MED-1814.txt, 161_MED-4825.txt",true,1,45,537
"parental occupational exposure","One of: 084_MED-1170.txt",true,1,2,744
"parkinson disease","One of: 151_MED-3940.txt, 153_MED-3936.txt",true,1,72,584
"pasteurization","One of: 125_MED-904.txt",true,1,1,527
"pathogenesis","One of: 013_MED-3731.txt, 180_MED-5281.txt",true,3,7,474
"pathogenic strains","One of: 071_MED-4134.txt",true,1,7,586
"patient adherence","One of: 168_MED-4989.txt",true,1,34,531
"patient improvements","One of: 113_MED-4245.txt",true,1,34,640
"patient safety","One of: 198_MED-5347.txt",true,2,39,539
"pcr assay","One of: 071_MED-4134.txt",true,1,11,495
"pediatric","One of: 187_MED-3695.txt",true,1,2,374
"penetrating ocular injury","One of: 003_MED-863.txt",true,1,3,806
"perceived health","One of: 199_MED-4659.txt",true,10,76,478
"perfluorinated compounds","One of: 070_MED-4176.txt",true,1,20,685
"perforation","One of: 060_MED-974.txt",true,1,1,374
"periodontal conditions","One of: 007_MED-1857.txt",true,1,21,586
"periodontal disease progression","One of: 023_MED-4034.txt",true,1,4,753
"peripheral insulin sensitivity","One of: 105_MED-1609.txt",true,1,21,804
"pesticides","One of: 084_MED-1170.txt",true,2,3,432
"pfc concentrations","One of: 070_MED-4176.txt",true,1,27,532
"pfos","One of: 070_MED-4176.txt",true,1,1,371
"ph","One of: 195_MED-3231.txt",false,N/A,114,108
"pharmacology","One of: 147_MED-3807.txt",true,1,1,424
"phase ii trial","One of: 030_MED-3730.txt",true,1,37,535
"phenolic compounds","One of: 061_MED-4705.txt, 077_MED-4585.txt, 126_MED-5043.txt, 163_MED-5283.txt",true,1,22,663
"phip-induced carcinogenesis","One of: 057_MED-4049.txt",true,1,7,752
"physical activity","One of: 111_MED-2717.txt, 150_MED-4787.txt",true,1,40,476
"phytochemicals","One of: 049_MED-2435.txt, 149_MED-2073.txt",true,1,4,477
"placebo-controlled","One of: 197_MED-4671.txt",true,1,26,425
"plant foods","One of: 094_MED-2664.txt",true,2,30,480
"plaque rupture","One of: 014_MED-1204.txt",true,1,3,534
"plasma beta-carotene","One of: 048_MED-4858.txt",true,1,22,637
"plasma cell disorder","One of: 130_MED-1105.txt",true,1,60,576
"plasma cholesterol","One of: 053_MED-1252.txt",true,1,27,635
"plasma homocysteine","One of: 079_MED-984.txt",true,1,19,598
"platelets","One of: 058_MED-2080.txt",true,1,2,379
"polybrominated diphenyl ethers","One of: 066_MED-1165.txt",true,1,2,912
"polycyclic aromatic hydrocarbons","One of: 066_MED-1165.txt",true,1,3,908
"polycystic ovarian syndrome","One of: 165_MED-1522.txt",true,1,6,792
"polyphenol intake","One of: 096_MED-1789.txt",true,2,55,537
"polyphenols","One of: 069_MED-5148.txt, 073_MED-5285.txt, 146_MED-4777.txt",true,2,8,481
"polyunsaturated fat","One of: 172_MED-1069.txt",true,1,39,633
"population study","One of: 051_MED-1232.txt",true,2,112,317
"pork processing plant","One of: 110_MED-3288.txt",true,1,16,531
"post-mortem changes","One of: 114_MED-4497.txt",true,1,21,581
"postmenopausal breast cancer","One of: 150_MED-4787.txt",true,1,47,745
"postmenopausal hormone use","One of: 134_MED-4651.txt",true,2,12,750
"postmenopausal women","One of: 024_MED-869.txt, 027_MED-4642.txt",true,1,34,580
"postprandial glucose","One of: 018_MED-894.txt",true,1,18,585
"potatoes","One of: 121_MED-4913.txt",true,1,1,372
"poultry farm distance","One of: 188_MED-4805.txt",true,1,5,636
"poultry husbandry","One of: 136_MED-1801.txt",true,1,4,642
"pre- and post-menopausal women","One of: 012_MED-4757.txt",true,1,34,800
"pre-diabetes","One of: 081_MED-1879.txt",true,3,166,531
"pre-exercise feeding","One of: 075_MED-3895.txt",true,1,12,584
"prediabetes","One of: 108_MED-1992.txt, 145_MED-2001.txt",true,1,2,423
"pregestational diabetes mellitus","One of: 128_MED-2843.txt",true,1,23,746
"pregnancy","One of: 009_MED-4739.txt, 106_MED-3682.txt, 183_MED-4665.txt",true,2,5,426
"premenopausal women","One of: 104_MED-4211.txt, 132_MED-3844.txt",true,1,34,580
"premenstrual syndrome","One of: 028_MED-4308.txt",true,1,6,637
"preschool children","One of: 166_MED-4172.txt",true,1,12,423
"prevention","One of: 013_MED-3731.txt, 108_MED-1992.txt, 187_MED-3695.txt",true,2,20,369
"price differentials","One of: 179_MED-3770.txt",true,1,1,583
"primary constipation","One of: 122_MED-1031.txt",true,1,16,579
"proanthocyanidins","One of: 077_MED-4585.txt",true,1,2,534
"probabilistic modelling","One of: 121_MED-4913.txt",true,1,3,598
"probiotics","One of: 004_MED-4762.txt, 063_MED-3692.txt, 187_MED-3695.txt",true,1,5,421
"processed meat","One of: 120_MED-4878.txt",true,1,18,427
"program efficacy","One of: 113_MED-4245.txt",true,1,21,477
"progressive inflammatory neuropathy","One of: 110_MED-3288.txt",true,1,16,847
"prospective cohort studies","One of: 167_MED-1556.txt",true,1,78,857
"prospective cohort study","One of: 002_MED-1323.txt, 131_MED-1795.txt",true,5,99,647
"prospective study","One of: 044_MED-2452.txt, 085_MED-5258.txt",true,3,99,478
"prostate cancer","One of: 001_MED-4239.txt, 090_MED-4220.txt, 117_MED-4482.txt",true,2,45,529
"prostate cancer risk","One of: 133_MED-5349.txt",true,6,45,640
"protective devices","One of: 003_MED-863.txt",true,1,16,532
"protein oxidation","One of: 142_MED-3270.txt",true,1,38,531
"proteus mirabilis","One of: 102_MED-1128.txt",true,1,1,635
"prudent diet","One of: 047_MED-1814.txt",true,8,91,478
"psychological effects","One of: 177_MED-3662.txt",true,8,73,639
"public regulation","One of: 174_MED-2726.txt",true,1,26,480
"purple discoloration","One of: 114_MED-4497.txt",true,1,2,588
"raisins vs sports gel","One of: 075_MED-3895.txt",true,1,2,639
"randomised controlled trial","One of: 036_MED-5062.txt",true,1,33,739
"randomised controlled trials","One of: 045_MED-2145.txt",true,1,21,743
"randomized control trial","One of: 189_MED-2091.txt",true,2,71,638
"randomized controlled trial","One of: 165_MED-1522.txt, 175_MED-3988.txt, 197_MED-4671.txt",true,3,39,688
"randomized controlled trials","One of: 143_MED-1478.txt",true,4,34,688
"randomized study","One of: 081_MED-1879.txt",true,4,107,536
"randomized trial","One of: 064_MED-1394.txt",true,1,39,585
"randomized trials","One of: 041_MED-1554.txt, 171_MED-3990.txt",true,2,34,635
"ras-erk-nox-ros pathway","One of: 057_MED-4049.txt",true,1,82,746
"rat testes","One of: 192_MED-2219.txt",true,1,171,439
"rats","One of: 042_MED-4546.txt",true,2,2,265
"raw food diet","One of: 048_MED-4858.txt",true,7,114,481
"raw milk consumption","One of: 125_MED-904.txt",true,1,17,642
"reactive oxygen species","One of: 074_MED-2599.txt",true,2,15,691
"recent activity","One of: 150_MED-4787.txt",true,1,56,476
"recto-anal angle","One of: 122_MED-1031.txt",true,1,63,636
"remission induction","One of: 034_MED-3961.txt",true,1,4,532
"renal cancer cells","One of: 074_MED-2599.txt",true,9,53,586
"reproductive age women","One of: 183_MED-4665.txt",true,1,36,578
"reproductive health","One of: 009_MED-4739.txt",true,1,78,486
"research review","One of: 163_MED-5283.txt",true,3,72,371
"retrospective chart review","One of: 168_MED-4989.txt",true,1,51,637
"rheumatic heart disease","One of: 078_MED-1120.txt",true,1,13,632
"rheumatoid arthritis","One of: 102_MED-1128.txt, 154_MED-2822.txt",true,1,5,640
"rhinorrhea","One of: 138_MED-3516.txt",true,2,2,478
"risk factors","One of: 013_MED-3731.txt, 047_MED-1814.txt, 068_MED-2217.txt, 145_MED-2001.txt, 161_MED-4825.txt, 188_MED-4805.txt",true,1,90,524
"risk reduction","One of: 150_MED-4787.txt",false,N/A,90,533
"roundup","One of: 026_MED-1739.txt",true,1,1,367
"rural india","One of: 068_MED-2217.txt",true,1,7,480
"rye bread consumption","One of: 133_MED-5349.txt",true,1,6,634
"safety","One of: 147_MED-3807.txt",true,6,9,368
"saffron","One of: 197_MED-4671.txt",true,3,4,372
"saffron extract","One of: 140_MED-938.txt, 186_MED-939.txt",true,1,31,529
"saffron treatment","One of: 181_MED-746.txt",true,2,42,533
"satiereal","One of: 186_MED-939.txt",true,1,1,427
"satiety","One of: 107_MED-4703.txt, 141_MED-4262.txt, 186_MED-939.txt, 191_MED-4250.txt",true,1,5,370
"saturated fat","One of: 167_MED-1556.txt, 172_MED-1069.txt",true,1,40,476
"scombroid fish poisoning","One of: 109_MED-1573.txt",true,1,18,641
"screening","One of: 006_MED-1993.txt",true,2,5,369
"seafood poisoning","One of: 093_MED-1570.txt",true,2,6,478
"serotonin synthesis","One of: 028_MED-4308.txt",true,1,4,591
"sertoli cell death","One of: 026_MED-1739.txt",true,1,53,579
"serum 25-hydroxyvitamin d","One of: 099_MED-4566.txt",true,2,15,750
"serum concentration","One of: 116_MED-1839.txt",true,1,43,478
"serum igf-i","One of: 090_MED-4220.txt",true,1,15,475
"serum levels","One of: 153_MED-3936.txt",true,5,49,422
"sex hormonal profiles","One of: 012_MED-4757.txt",true,1,10,593
"signal propagation","One of: 005_MED-2130.txt",true,1,16,528
"signaling pathways","One of: 050_MED-1281.txt",true,3,10,533
"site specific","One of: 148_MED-3703.txt",true,1,30,475
"skin protectant","One of: 164_MED-1316.txt",true,1,8,479
"skin redness","One of: 199_MED-4659.txt",true,1,7,427
"skin yellowness","One of: 199_MED-4659.txt",true,1,7,480
"sleep deprivation","One of: 198_MED-5347.txt",true,1,5,637
"snack","One of: 191_MED-4250.txt",true,1,5,367
"snack consumption","One of: 176_MED-3351.txt",true,1,42,588
"snacking","One of: 186_MED-939.txt",true,1,1,374
"sneezing","One of: 138_MED-3516.txt",true,1,1,425
"sodium benzoate","One of: 036_MED-5062.txt",true,1,6,479
"soft drink intake","One of: 176_MED-3351.txt",true,1,55,526
"soluble fiber","One of: 051_MED-1232.txt",true,1,14,477
"sour tea","One of: 032_MED-1842.txt",true,1,48,421
"southern blot analysis","One of: 190_MED-4879.txt",true,3,43,639
"soy protein","One of: 053_MED-1252.txt",true,1,40,426
"spanish diet","One of: 096_MED-1789.txt",true,8,92,423
"spatial clustering","One of: 088_MED-1276.txt",true,1,2,528
"spearmint tea","One of: 165_MED-1522.txt",true,1,22,476
"spermine toxicity","One of: 042_MED-4546.txt",true,1,12,527
"spices","One of: 087_MED-5305.txt",true,1,1,368
"squatting posture","One of: 122_MED-1031.txt",true,1,1,590
"star expression","One of: 192_MED-2219.txt",true,1,20,420
"stomach cancer","One of: 046_MED-1532.txt",true,1,45,477
"stop signal","One of: 176_MED-3351.txt",true,1,22,427
"strenuous exercise","One of: 001_MED-4239.txt",true,1,10,585
"streptococcal m protein","One of: 078_MED-1120.txt",true,1,37,590
"stress","One of: 021_MED-1922.txt, 086_MED-1923.txt",true,1,20,269
"stroke risk","One of: 051_MED-1232.txt",true,1,79,529
"subacute toxicity","One of: 042_MED-4546.txt",true,1,12,582
"subepidermal bullae","One of: 130_MED-1105.txt",true,1,1,642
"substantia nigra","One of: 151_MED-3940.txt",true,1,10,586
"sugar-sweetened beverages","One of: 076_MED-1708.txt",true,1,7,691
"sulforaphane","One of: 169_MED-4462.txt, 182_MED-4461.txt, 200_MED-2075.txt",true,1,4,424
"supplementation","One of: 099_MED-4566.txt",false,N/A,6,427
"surveillance epidemiology and end results","One of: 134_MED-4651.txt",true,9,10,923
"surveillance systems","One of: 109_MED-1573.txt",true,1,9,534
"sweet orange aroma","One of: 065_MED-2713.txt",true,1,8,529
"sweet potato","One of: 083_MED-2202.txt",true,1,7,481
"swine prevalence","One of: 071_MED-4134.txt",true,1,13,584
"symptomatic treatment","One of: 029_MED-4564.txt",false,N/A,41,631
"systematic analysis","One of: 144_MED-2082.txt",true,9,46,530
"systematic review","One of: 041_MED-1554.txt, 045_MED-2145.txt, 125_MED-904.txt, 128_MED-2843.txt",true,2,53,426
"tarragon","One of: 147_MED-3807.txt",true,1,1,369
"task force","One of: 031_MED-2990.txt",true,1,14,422
"tea mouthwash","One of: 189_MED-2091.txt",true,1,22,528
"telomere biology","One of: 021_MED-1922.txt",true,1,10,475
"telomere length","One of: 086_MED-1923.txt, 120_MED-4878.txt",true,2,8,533
"telomere shortening","One of: 190_MED-4879.txt",true,1,4,586
"terminal restriction fragment","One of: 190_MED-4879.txt",true,1,6,755
"testosterone","One of: 192_MED-2219.txt",true,1,4,369
"therapeutic protocol","One of: 102_MED-1128.txt",true,1,14,598
"therapeutic significance","One of: 177_MED-3662.txt",true,1,13,640
"thermal processing","One of: 149_MED-2073.txt",true,1,7,479
"thermic effect","One of: 087_MED-5305.txt",true,1,106,529
"thermogenesis","One of: 037_MED-5319.txt",true,1,2,420
"tobacco products","One of: 100_MED-4476.txt",true,1,21,531
"tooth loss","One of: 023_MED-4034.txt",true,1,15,474
"tor protein complex","One of: 005_MED-2130.txt",true,1,42,638
"toxic chemical exposure","One of: 016_MED-3013.txt",true,3,31,737
"toxicant exposures","One of: 009_MED-4739.txt",true,1,7,748
"toxicity","One of: 025_MED-3806.txt",true,6,11,374
"traditional diets","One of: 095_MED-2572.txt",true,1,28,534
"trail-induced apoptosis","One of: 074_MED-2599.txt",true,1,11,700
"transnational corporations","One of: 174_MED-2726.txt",true,1,1,584
"treatment strategies","One of: 152_MED-3055.txt",true,3,48,586
"trimethylaminuria","One of: 115_MED-3786.txt",true,1,1,577
"tumor cell growth","One of: 001_MED-4239.txt",true,6,59,592
"tumor suppressor","One of: 103_MED-4089.txt",true,1,13,581
"twin cycle hypothesis","One of: 019_MED-1237.txt",true,1,20,742
"type 2 diabetes","One of: 002_MED-1323.txt, 008_MED-1461.txt, 055_MED-5225.txt, 131_MED-1795.txt, 145_MED-2001.txt",true,2,39,473
"type 2 diabetes mellitus","One of: 006_MED-1993.txt",true,1,39,643
"type 2 diabetes reversal","One of: 019_MED-1237.txt",true,3,39,642
"tyramine","One of: 022_MED-3542.txt",true,2,2,374
"udp-glucuronosyltransferases","One of: 119_MED-5206.txt",true,1,1,773
"ultraviolet radiation","One of: 020_MED-1834.txt",true,1,2,590
"underreporting","One of: 109_MED-1573.txt",true,1,1,428
"unhealthy commodities","One of: 174_MED-2726.txt",true,1,1,690
"urinary excretion","One of: 185_MED-4468.txt",true,1,10,635
"urinary iodine concentrations","One of: 183_MED-4665.txt",true,1,7,749
"urinary tract infection","One of: 132_MED-3844.txt",true,1,43,697
"urine ph","One of: 089_MED-3230.txt",true,1,115,479
"value-added products","One of: 083_MED-2202.txt",true,1,35,528
"vascular abnormalities","One of: 180_MED-5281.txt",true,1,31,636
"vascular endothelium","One of: 180_MED-5281.txt",true,1,29,643
"veganism","One of: 157_MED-1456.txt",true,1,1,377
"vegans","One of: 089_MED-3230.txt",true,1,2,373
"vegetable protein and fat","One of: 002_MED-1323.txt",true,1,48,693
"vegetables-fruits","One of: 097_MED-4412.txt",true,1,17,632
"vegetarian diet","One of: 007_MED-1857.txt, 055_MED-5225.txt",true,1,91,531
"vegetarians","One of: 012_MED-4757.txt",true,2,4,419
"very low calorie diet","One of: 019_MED-1237.txt",true,2,92,692
"vinclozolin","One of: 091_MED-5167.txt",true,1,1,421
"vinegar supplementation","One of: 107_MED-4703.txt",true,1,6,636
"viral infections","One of: 029_MED-4564.txt",true,1,7,534
"visual analogue scales","One of: 191_MED-4250.txt",true,1,3,638
"vitamin d","One of: 020_MED-1834.txt",true,5,16,375
"vitamin d absorption","One of: 099_MED-4566.txt",true,1,21,588
"vitamin d deficiency","One of: 175_MED-3988.txt",true,2,17,646
"vitamin d supplementation","One of: 171_MED-3990.txt",true,1,19,636
"vitamin d2","One of: 175_MED-3988.txt",true,1,17,481
"vitamin d3","One of: 175_MED-3988.txt",true,1,19,479
"vitamin e intake","One of: 044_MED-2452.txt",true,3,62,483
"vitamin intake","One of: 056_MED-2476.txt",true,4,62,482
"volatile organic compounds","One of: 062_MED-3272.txt",true,1,22,748
"walnut extracts","One of: 061_MED-4705.txt",true,1,9,588
"water and gas","One of: 141_MED-4262.txt",true,2,26,480
"weight loss","One of: 052_MED-2719.txt, 111_MED-2717.txt, 159_MED-3492.txt, 168_MED-4989.txt, 186_MED-939.txt",true,1,29,424
"weight management","One of: 141_MED-4262.txt",true,1,33,428
"western diet","One of: 047_MED-1814.txt",true,9,94,424
"wheezing","One of: 106_MED-3682.txt",true,1,1,423
"white matter volume","One of: 162_MED-990.txt",true,1,11,475
"whole fruit","One of: 131_MED-1795.txt",true,1,25,475
"whole grains","One of: 133_MED-5349.txt",true,4,15,477
"women","One of: 086_MED-1923.txt",true,8,34,264
"xenobiotic metabolism","One of: 119_MED-5206.txt",true,1,14,689
"yerba mate","One of: 024_MED-869.txt",true,2,49,478
"yersinia enterocolitica","One of: 071_MED-4134.txt",true,1,1,645
"-hexachlorocyclohexane","One of: 153_MED-3936.txt",true,1,1,639
